{"cameraMode":{"drawMode":0,"name":"Shaded","section":"Shading Mode"},"sceneLighting":false,"audioPlay":false,"sceneViewState":{"m_AlwaysRefresh":false,"showFog":true,"showSkybox":false,"showFlares":true,"showImageEffects":true,"showParticleSystems":true,"showVisualEffectGraphs":true,"m_FxEnabled":true},"in2DMode":false,"pivot":{"x":-0.07550300657749176,"y":0.5174521803855896,"z":0.08105409145355225},"rotation":{"x":0.063396155834198,"y":-0.0076372055336833,"z":-0.00048568606143817306,"w":-0.9979619979858398},"size":1.0301952362060547,"orthographic":false}